{
    "code": "0xf121",
    "chain": "0xf0c1",
    "copy": "0xf0c5",
    "chevron-circle-right": "0xf138",
    "dollar": "0xf155",
    "crosshairs": "0xf05b",
    "ge": "0xf1d1",
    "legal": "0xf0e3",
    "flask": "0xf0c3",
    "flash": "0xf0e7",
    "send": "0xf1d8",
    "foursquare": "0xf180",
    "th": "0xf00a",
    "angle-left": "0xf104",
    "recycle": "0xf1b8",
    "file-code-o": "0xf1c9",
    "fax": "0xf1ac",
    "random": "0xf074",
    "hospital-o": "0xf0f8",
    "volume-up": "0xf028",
    "spoon": "0xf1b1",
    "facebook": "0xf09a",
    "ticket": "0xf145",
    "trophy": "0xf091",
    "caret-up": "0xf0d8",
    "magic": "0xf0d0",
    "list": "0xf03a",
    "upload": "0xf093",
    "magnet": "0xf076",
    "adjust": "0xf042",
    "subway": "0xf239",
    "chevron-down": "0xf078",
    "location-arrow": "0xf124",
    "check-circle": "0xf058",
    "arrow-down": "0xf063",
    "bicycle": "0xf206",
    "instagram": "0xf16d",
    "envelope-o": "0xf003",
    "facebook-f": "0xf09a",
    "crop": "0xf125",
    "external-link": "0xf08e",
    "arrow-circle-down": "0xf0ab",
    "paper-plane": "0xf1d8",
    "meanpath": "0xf20c",
    "long-arrow-left": "0xf177",
    "download": "0xf019",
    "caret-down": "0xf0d7",
    "chevron-left": "0xf053",
    "font": "0xf031",
    "pinterest": "0xf0d2",
    "cart-plus": "0xf217",
    "folder-open-o": "0xf115",
    "tachometer": "0xf0e4",
    "clipboard": "0xf0ea",
    "chevron-circle-up": "0xf139",
    "reply": "0xf112",
    "graduation-cap": "0xf19d",
    "info-circle": "0xf05a",
    "exchange": "0xf0ec",
    "hand-o-up": "0xf0a6",
    "pause": "0xf04c",
    "github-square": "0xf092",
    "search": "0xf002",
    "angle-double-left": "0xf100",
    "pinterest-square": "0xf0d3",
    "fast-backward": "0xf049",
    "bolt": "0xf0e7",
    "tasks": "0xf0ae",
    "apple": "0xf179",
    "gamepad": "0xf11b",
    "cc-stripe": "0xf1f5",
    "quote-left": "0xf10d",
    "file-image-o": "0xf1c5",
    "eye-slash": "0xf070",
    "dribbble": "0xf17d",
    "cloud": "0xf0c2",
    "usd": "0xf155",
    "eye": "0xf06e",
    "certificate": "0xf0a3",
    "camera": "0xf030",
    "music": "0xf001",
    "reorder": "0xf0c9",
    "sort": "0xf0dc",
    "plug": "0xf1e6",
    "shopping-cart": "0xf07a",
    "diamond": "0xf219",
    "envelope": "0xf0e0",
    "yahoo": "0xf19e",
    "glass": "0xf000",
    "flag": "0xf024",
    "train": "0xf238",
    "bullhorn": "0xf0a1",
    "folder": "0xf07b",
    "outdent": "0xf03b",
    "stumbleupon": "0xf1a4",
    "car": "0xf1b9",
    "file-excel-o": "0xf1c3",
    "arrow-circle-o-left": "0xf190",
    "paragraph": "0xf1dd",
    "file-photo-o": "0xf1c5",
    "cab": "0xf1ba",
    "male": "0xf183",
    "history": "0xf1da",
    "h-square": "0xf0fd",
    "heart": "0xf004",
    "sort-amount-desc": "0xf161",
    "search-plus": "0xf00e",
    "life-ring": "0xf1cd",
    "lock": "0xf023",
    "git-square": "0xf1d2",
    "share": "0xf064",
    "mail-forward": "0xf064",
    "sign-in": "0xf090",
    "tag": "0xf02b",
    "align-justify": "0xf039",
    "level-up": "0xf148",
    "chevron-circle-down": "0xf13a",
    "filter": "0xf0b0",
    "moon-o": "0xf186",
    "comments-o": "0xf0e6",
    "lastfm": "0xf202",
    "pagelines": "0xf18c",
    "life-buoy": "0xf1cd",
    "file-word-o": "0xf1c2",
    "briefcase": "0xf0b1",
    "stop": "0xf04d",
    "plane": "0xf072",
    "check-square": "0xf14a",
    "toggle-left": "0xf191",
    "unlink": "0xf127",
    "github": "0xf09b",
    "step-backward": "0xf048",
    "wheelchair": "0xf193",
    "cutlery": "0xf0f5",
    "microphone-slash": "0xf131",
    "user-plus": "0xf234",
    "truck": "0xf0d1",
    "wrench": "0xf0ad",
    "ambulance": "0xf0f9",
    "cc-visa": "0xf1f0",
    "superscript": "0xf12b",
    "tty": "0xf1e4",
    "shield": "0xf132",
    "user-md": "0xf0f0",
    "pie-chart": "0xf200",
    "align-left": "0xf036",
    "motorcycle": "0xf21c",
    "cloud-download": "0xf0ed",
    "spotify": "0xf1bc",
    "dot-circle-o": "0xf192",
    "facebook-square": "0xf082",
    "group": "0xf0c0",
    "angle-up": "0xf106",
    "paperclip": "0xf0c6",
    "deviantart": "0xf1bd",
    "file-audio-o": "0xf1c7",
    "image": "0xf03e",
    "eur": "0xf153",
    "coffee": "0xf0f4",
    "times-circle-o": "0xf05c",
    "weixin": "0xf1d7",
    "file-video-o": "0xf1c8",
    "angle-double-up": "0xf102",
    "toggle-down": "0xf150",
    "mail-reply-all": "0xf122",
    "bank": "0xf19c",
    "level-down": "0xf149",
    "youtube-play": "0xf16a",
    "edit": "0xf044",
    "caret-square-o-right": "0xf152",
    "arrows": "0xf047",
    "refresh": "0xf021",
    "file-o": "0xf016",
    "caret-right": "0xf0da",
    "square": "0xf0c8",
    "ellipsis-v": "0xf142",
    "globe": "0xf0ac",
    "strikethrough": "0xf0cc",
    "comment-o": "0xf0e5",
    "unlock": "0xf09c",
    "plus-square-o": "0xf196",
    "scissors": "0xf0c4",
    "ellipsis-h": "0xf141",
    "exclamation": "0xf12a",
    "try": "0xf195",
    "flag-o": "0xf11d",
    "star-half-full": "0xf123",
    "ra": "0xf1d0",
    "print": "0xf02f",
    "check-circle-o": "0xf05d",
    "lemon-o": "0xf094",
    "umbrella": "0xf0e9",
    "bell-o": "0xf0a2",
    "undo": "0xf0e2",
    "shekel": "0xf20b",
    "rebel": "0xf1d0",
    "venus": "0xf221",
    "soundcloud": "0xf1be",
    "bar-chart-o": "0xf080",
    "indent": "0xf03c",
    "language": "0xf1ab",
    "circle-thin": "0xf1db",
    "drupal": "0xf1a9",
    "headphones": "0xf025",
    "cc-mastercard": "0xf1f1",
    "times": "0xf00d",
    "buysellads": "0xf20d",
    "sort-asc": "0xf0de",
    "folder-open": "0xf07c",
    "heartbeat": "0xf21e",
    "arrows-v": "0xf07d",
    "phone-square": "0xf098",
    "text-height": "0xf034",
    "linkedin-square": "0xf08c",
    "delicious": "0xf1a5",
    "qrcode": "0xf029",
    "arrows-h": "0xf07e",
    "mercury": "0xf223",
    "text-width": "0xf035",
    "thumbs-o-down": "0xf088",
    "rss-square": "0xf143",
    "bookmark": "0xf02e",
    "automobile": "0xf1b9",
    "sort-down": "0xf0dd",
    "bitcoin": "0xf15a",
    "behance": "0xf1b4",
    "sort-up": "0xf0de",
    "toggle-right": "0xf152",
    "star-half-o": "0xf123",
    "gear": "0xf013",
    "bitbucket-square": "0xf172",
    "heart-o": "0xf08a",
    "share-alt": "0xf1e0",
    "shirtsinbulk": "0xf214",
    "viacoin": "0xf237",
    "digg": "0xf1a6",
    "institution": "0xf19c",
    "rss": "0xf09e",
    "slack": "0xf198",
    "folder-o": "0xf114",
    "bed": "0xf236",
    "caret-square-o-down": "0xf150",
    "paper-plane-o": "0xf1d9",
    "circle-o-notch": "0xf1ce",
    "medkit": "0xf0fa",
    "toggle-off": "0xf204",
    "minus": "0xf068",
    "tencent-weibo": "0xf1d5",
    "navicon": "0xf0c9",
    "file-archive-o": "0xf1c6",
    "share-alt-square": "0xf1e1",
    "file-movie-o": "0xf1c8",
    "building-o": "0xf0f7",
    "sort-alpha-desc": "0xf15e",
    "long-arrow-right": "0xf178",
    "microphone": "0xf130",
    "play-circle": "0xf144",
    "github-alt": "0xf113",
    "file-sound-o": "0xf1c7",
    "caret-square-o-up": "0xf151",
    "play": "0xf04b",
    "hand-o-down": "0xf0a7",
    "clock-o": "0xf017",
    "compress": "0xf066",
    "pencil-square-o": "0xf044",
    "google-plus-square": "0xf0d4",
    "angle-right": "0xf105",
    "rotate-left": "0xf0e2",
    "forumbee": "0xf211",
    "eject": "0xf052",
    "windows": "0xf17a",
    "trash-o": "0xf014",
    "star-o": "0xf006",
    "floppy-o": "0xf0c7",
    "bullseye": "0xf140",
    "cc-discover": "0xf1f2",
    "bomb": "0xf1e2",
    "star-half-empty": "0xf123",
    "xing-square": "0xf169",
    "fire-extinguisher": "0xf134",
    "pencil-square": "0xf14b",
    "reddit-square": "0xf1a2",
    "arrow-circle-o-down": "0xf01a",
    "caret-left": "0xf0d9",
    "camera-retro": "0xf083",
    "thumbs-o-up": "0xf087",
    "thumbs-down": "0xf165",
    "copyright": "0xf1f9",
    "terminal": "0xf120",
    "twitter-square": "0xf081",
    "photo": "0xf03e",
    "circle": "0xf111",
    "columns": "0xf0db",
    "sign-out": "0xf08b",
    "cube": "0xf1b2",
    "gittip": "0xf184",
    "mars-stroke-v": "0xf22a",
    "file-text": "0xf15c",
    "mars-stroke-h": "0xf22b",
    "smile-o": "0xf118",
    "compass": "0xf14e",
    "list-ol": "0xf0cb",
    "stumbleupon-circle": "0xf1a3",
    "qq": "0xf1d6",
    "remove": "0xf00d",
    "hotel": "0xf236",
    "pied-piper": "0xf1a7",
    "gears": "0xf085",
    "gbp": "0xf154",
    "ban": "0xf05e",
    "fighter-jet": "0xf0fb",
    "space-shuttle": "0xf197",
    "steam": "0xf1b6",
    "bars": "0xf0c9",
    "lightbulb-o": "0xf0eb",
    "circle-o": "0xf10c",
    "vine": "0xf1ca",
    "align-center": "0xf037",
    "rmb": "0xf157",
    "btc": "0xf15a",
    "close": "0xf00d",
    "calendar": "0xf073",
    "retweet": "0xf079",
    "weibo": "0xf18a",
    "arrow-circle-o-up": "0xf01b",
    "tags": "0xf02c",
    "minus-square-o": "0xf147",
    "rouble": "0xf158",
    "won": "0xf159",
    "subscript": "0xf12c",
    "flickr": "0xf16e",
    "cc-amex": "0xf1f3",
    "reddit": "0xf1a1",
    "times-circle": "0xf057",
    "sort-amount-asc": "0xf160",
    "renren": "0xf18b",
    "arrow-circle-o-right": "0xf18e",
    "pinterest-p": "0xf231",
    "html5": "0xf13b",
    "key": "0xf084",
    "ils": "0xf20b",
    "picture-o": "0xf03e",
    "file-zip-o": "0xf1c6",
    "list-alt": "0xf022",
    "cubes": "0xf1b3",
    "tablet": "0xf10a",
    "credit-card": "0xf09d",
    "toggle-up": "0xf151",
    "unlock-alt": "0xf13e",
    "user-secret": "0xf21b",
    "cog": "0xf013",
    "arrow-right": "0xf061",
    "cc-paypal": "0xf1f4",
    "birthday-cake": "0xf1fd",
    "comment": "0xf075",
    "bell": "0xf0f3",
    "cc": "0xf20a",
    "bell-slash-o": "0xf1f7",
    "header": "0xf1dc",
    "linux": "0xf17c",
    "table": "0xf0ce",
    "caret-square-o-left": "0xf191",
    "thumbs-up": "0xf164",
    "tint": "0xf043",
    "soccer-ball-o": "0xf1e3",
    "connectdevelop": "0xf20e",
    "align-right": "0xf038",
    "quote-right": "0xf10e",
    "long-arrow-down": "0xf175",
    "beer": "0xf0fc",
    "th-list": "0xf00b",
    "eraser": "0xf12d",
    "mars": "0xf222",
    "square-o": "0xf096",
    "ruble": "0xf158",
    "fire": "0xf06d",
    "sellsy": "0xf213",
    "fast-forward": "0xf050",
    "bell-slash": "0xf1f6",
    "venus-double": "0xf226",
    "files-o": "0xf0c5",
    "child": "0xf1ae",
    "file-text-o": "0xf0f6",
    "mortar-board": "0xf19d",
    "dashboard": "0xf0e4",
    "hand-o-right": "0xf0a4",
    "rotate-right": "0xf01e",
    "anchor": "0xf13d",
    "meh-o": "0xf11a",
    "user-times": "0xf235",
    "trello": "0xf181",
    "calculator": "0xf1ec",
    "vk": "0xf189",
    "linkedin": "0xf0e1",
    "jpy": "0xf157",
    "unsorted": "0xf0dc",
    "turkish-lira": "0xf195",
    "skype": "0xf17e",
    "envelope-square": "0xf199",
    "genderless": "0xf1db",
    "dashcube": "0xf210",
    "paw": "0xf1b0",
    "check": "0xf00c",
    "sliders": "0xf1de",
    "mobile-phone": "0xf10b",
    "file-pdf-o": "0xf1c1",
    "android": "0xf17b",
    "stack-exchange": "0xf18d",
    "twitch": "0xf1e8",
    "keyboard-o": "0xf11c",
    "dedent": "0xf03b",
    "tree": "0xf1bb",
    "gratipay": "0xf184",
    "map-marker": "0xf041",
    "power-off": "0xf011",
    "binoculars": "0xf1e5",
    "user": "0xf007",
    "ioxhost": "0xf208",
    "expand": "0xf065",
    "euro": "0xf153",
    "minus-circle": "0xf056",
    "sort-numeric-asc": "0xf162",
    "database": "0xf1c0",
    "rupee": "0xf156",
    "hacker-news": "0xf1d4",
    "youtube-square": "0xf166",
    "taxi": "0xf1ba",
    "sort-desc": "0xf0dd",
    "rocket": "0xf135",
    "yen": "0xf157",
    "money": "0xf0d6",
    "laptop": "0xf109",
    "arrows-alt": "0xf0b2",
    "underline": "0xf0cd",
    "google-plus": "0xf0d5",
    "cut": "0xf0c4",
    "share-square-o": "0xf045",
    "street-view": "0xf21d",
    "arrow-circle-up": "0xf0aa",
    "plus-square": "0xf0fe",
    "desktop": "0xf108",
    "spinner": "0xf110",
    "toggle-on": "0xf205",
    "minus-square": "0xf146",
    "adn": "0xf170",
    "whatsapp": "0xf232",
    "save": "0xf0c7",
    "puzzle-piece": "0xf12e",
    "css3": "0xf13c",
    "skyatlas": "0xf216",
    "stack-overflow": "0xf16c",
    "check-square-o": "0xf046",
    "leanpub": "0xf212",
    "cloud-upload": "0xf0ee",
    "exclamation-triangle": "0xf071",
    "gift": "0xf06b",
    "cogs": "0xf085",
    "signal": "0xf012",
    "frown-o": "0xf119",
    "chevron-circle-left": "0xf137",
    "university": "0xf19c",
    "sitemap": "0xf0e8",
    "external-link-square": "0xf14c",
    "google": "0xf1a0",
    "volume-off": "0xf026",
    "twitter": "0xf099",
    "hand-o-left": "0xf0a5",
    "phone": "0xf095",
    "tumblr": "0xf173",
    "maxcdn": "0xf136",
    "lastfm-square": "0xf203",
    "home": "0xf015",
    "empire": "0xf1d1",
    "server": "0xf233",
    "search-minus": "0xf010",
    "pied-piper-alt": "0xf1a8",
    "xing": "0xf168",
    "exclamation-circle": "0xf06a",
    "comments": "0xf086",
    "cny": "0xf157",
    "facebook-official": "0xf230",
    "bold": "0xf032",
    "tumblr-square": "0xf174",
    "rub": "0xf158",
    "bar-chart": "0xf080",
    "barcode": "0xf02a",
    "vimeo-square": "0xf194",
    "arrow-circle-right": "0xf0a9",
    "code-fork": "0xf126",
    "paste": "0xf0ea",
    "hdd-o": "0xf0a0",
    "thumb-tack": "0xf08d",
    "krw": "0xf159",
    "joomla": "0xf1aa",
    "sun-o": "0xf185",
    "plus": "0xf067",
    "list-ul": "0xf0ca",
    "play-circle-o": "0xf01d",
    "mars-stroke": "0xf229",
    "road": "0xf018",
    "volume-down": "0xf027",
    "question-circle": "0xf059",
    "paypal": "0xf1ed",
    "angle-double-right": "0xf101",
    "reply-all": "0xf122",
    "inbox": "0xf01c",
    "female": "0xf182",
    "gavel": "0xf0e3",
    "life-bouy": "0xf1cd",
    "jsfiddle": "0xf1cc",
    "git": "0xf1d3",
    "share-square": "0xf14d",
    "support": "0xf1cd",
    "question": "0xf128",
    "leaf": "0xf06c",
    "wordpress": "0xf19a",
    "italic": "0xf033",
    "forward": "0xf04e",
    "steam-square": "0xf1b7",
    "sort-numeric-desc": "0xf163",
    "video-camera": "0xf03d",
    "medium": "0xf23a",
    "chevron-right": "0xf054",
    "bus": "0xf207",
    "codepen": "0xf1cb",
    "angle-down": "0xf107",
    "send-o": "0xf1d9",
    "link": "0xf0c1",
    "eyedropper": "0xf1fb",
    "mail-reply": "0xf112",
    "bug": "0xf188",
    "angellist": "0xf209",
    "chain-broken": "0xf127",
    "info": "0xf129",
    "mars-double": "0xf227",
    "line-chart": "0xf201",
    "long-arrow-up": "0xf176",
    "simplybuilt": "0xf215",
    "trash": "0xf1f8",
    "paint-brush": "0xf1fc",
    "mobile": "0xf10b",
    "calendar-o": "0xf133",
    "sheqel": "0xf20b",
    "suitcase": "0xf0f2",
    "file-picture-o": "0xf1c5",
    "arrow-left": "0xf060",
    "arrow-up": "0xf062",
    "pencil": "0xf040",
    "venus-mars": "0xf228",
    "bookmark-o": "0xf097",
    "inr": "0xf156",
    "th-large": "0xf009",
    "warning": "0xf071",
    "at": "0xf1fa",
    "file": "0xf15b",
    "star-half": "0xf089",
    "futbol-o": "0xf1e3",
    "flag-checkered": "0xf11e",
    "ship": "0xf21a",
    "archive": "0xf187",
    "film": "0xf008",
    "slideshare": "0xf1e7",
    "google-wallet": "0xf1ee",
    "book": "0xf02d",
    "transgender": "0xf224",
    "arrow-circle-left": "0xf0a8",
    "file-powerpoint-o": "0xf1c4",
    "openid": "0xf19b",
    "repeat": "0xf01e",
    "star": "0xf005",
    "users": "0xf0c0",
    "transgender-alt": "0xf225",
    "asterisk": "0xf069",
    "plus-circle": "0xf055",
    "cart-arrow-down": "0xf218",
    "wechat": "0xf1d7",
    "life-saver": "0xf1cd",
    "dropbox": "0xf16b",
    "newspaper-o": "0xf1ea",
    "building": "0xf1ad",
    "bitbucket": "0xf171",
    "yelp": "0xf1e9",
    "neuter": "0xf22c",
    "behance-square": "0xf1b5",
    "wifi": "0xf1eb",
    "youtube": "0xf167",
    "angle-double-down": "0xf103",
    "sort-alpha-asc": "0xf15d",
    "area-chart": "0xf1fe",
    "chevron-up": "0xf077",
    "stethoscope": "0xf0f1",
    "step-forward": "0xf051",
    "backward": "0xf04a"
}
